,time,Num arrivals,Queue length,Available agents
0,0,1,0,59
1,1,1,0,58
2,2,0,0,58
3,3,0,0,58
4,4,0,0,58
5,5,1,0,57
6,6,2,0,55
7,7,0,0,55
8,8,0,0,55
9,9,0,0,55
10,10,0,0,55
11,11,0,0,55
12,12,2,0,53
13,13,0,0,53
14,14,0,0,53
15,15,0,0,53
16,16,0,0,53
17,17,0,0,53
18,18,0,0,53
19,19,0,0,53
20,20,0,0,53
21,21,0,0,53
22,22,0,0,53
23,23,1,0,52
24,24,1,0,51
25,25,1,0,50
26,26,0,0,50
27,27,1,0,49
28,28,0,0,49
29,29,0,0,49
30,30,1,0,48
31,31,1,0,47
32,32,0,0,47
33,33,1,0,46
34,34,1,0,45
35,35,0,0,45
36,36,0,0,46
37,37,1,0,45
38,38,0,0,45
39,39,0,0,45
40,40,2,0,43
41,41,0,0,43
42,42,0,0,43
43,43,0,0,44
44,44,0,0,44
45,45,0,0,44
46,46,0,0,44
47,47,0,0,44
48,48,0,0,44
49,49,1,0,43
50,50,1,0,42
51,51,0,0,42
52,52,0,0,42
53,53,2,0,40
54,54,0,0,41
55,55,1,0,41
56,56,1,0,40
57,57,1,0,39
58,58,0,0,39
59,59,1,0,40
60,60,0,0,40
61,61,0,0,40
62,62,0,0,40
63,63,0,0,40
64,64,0,0,40
65,65,0,0,40
66,66,0,0,40
67,67,0,0,41
68,68,0,0,41
69,69,1,0,40
70,70,0,0,40
71,71,0,0,41
72,72,0,0,41
73,73,0,0,41
74,74,0,0,41
75,75,0,0,41
76,76,0,0,41
77,77,1,0,40
78,78,0,0,40
79,79,0,0,40
80,80,2,0,38
81,81,1,0,37
82,82,1,0,36
83,83,0,0,36
84,84,0,0,36
85,85,0,0,36
86,86,0,0,36
87,87,1,0,36
88,88,2,0,35
89,89,0,0,35
90,90,0,0,35
91,91,0,0,35
92,92,0,0,35
93,93,1,0,34
94,94,0,0,35
95,95,0,0,35
96,96,0,0,35
97,97,2,0,33
98,98,0,0,33
99,99,0,0,33
100,100,0,0,33
101,101,0,0,33
102,102,1,0,33
103,103,0,0,33
104,104,0,0,33
105,105,0,0,33
106,106,1,0,32
107,107,1,0,31
108,108,0,0,31
109,109,0,0,31
110,110,0,0,31
111,111,0,0,31
112,112,0,0,32
113,113,1,0,31
114,114,1,0,30
115,115,1,0,29
116,116,0,0,30
117,117,0,0,30
118,118,0,0,30
119,119,1,0,29
120,120,0,0,29
121,121,0,0,29
122,122,0,0,29
123,123,0,0,29
124,124,0,0,29
125,125,0,0,30
126,126,2,0,28
127,127,0,0,28
128,128,0,0,29
129,129,0,0,29
130,130,1,0,28
131,131,0,0,28
132,132,0,0,28
133,133,0,0,29
134,134,1,0,28
135,135,0,0,28
136,136,4,0,24
137,137,0,0,24
138,138,0,0,25
139,139,1,0,24
140,140,0,0,24
141,141,1,0,23
142,142,1,0,22
143,143,1,0,21
144,144,0,0,21
145,145,0,0,21
146,146,0,0,21
147,147,0,0,21
148,148,0,0,21
149,149,0,0,21
150,150,0,0,21
151,151,1,0,21
152,152,0,0,21
153,153,0,0,21
154,154,1,0,21
155,155,0,0,22
156,156,0,0,22
157,157,0,0,22
158,158,0,0,23
159,159,1,0,22
160,160,0,0,22
161,161,0,0,23
162,162,0,0,23
163,163,0,0,24
164,164,0,0,24
165,165,0,0,25
166,166,1,0,24
167,167,0,0,24
168,168,0,0,24
169,169,0,0,24
170,170,0,0,24
171,171,1,0,24
172,172,1,0,23
173,173,1,0,22
174,174,0,0,23
175,175,0,0,23
176,176,0,0,23
177,177,0,0,23
178,178,2,0,21
179,179,0,0,21
180,180,2,0,19
181,181,1,0,18
182,182,0,0,18
183,183,1,0,17
184,184,1,0,16
185,185,0,0,17
186,186,0,0,17
187,187,0,0,17
188,188,0,0,19
189,189,0,0,19
190,190,0,0,19
191,191,0,0,20
192,192,0,0,21
193,193,0,0,21
194,194,1,0,20
195,195,0,0,20
196,196,1,0,19
197,197,1,0,18
198,198,0,0,18
199,199,0,0,18
200,200,2,0,16
201,201,2,0,14
202,202,0,0,14
203,203,1,0,14
204,204,0,0,15
205,205,0,0,15
206,206,1,0,14
207,207,1,0,13
208,208,1,0,12
209,209,0,0,12
210,210,0,0,12
211,211,2,0,10
212,212,0,0,10
213,213,0,0,10
214,214,0,0,10
215,215,0,0,10
216,216,2,0,8
217,217,0,0,8
218,218,0,0,8
219,219,1,0,8
220,220,0,0,8
221,221,1,0,7
222,222,0,0,7
223,223,0,0,8
224,224,1,0,7
225,225,0,0,7
226,226,0,0,7
227,227,0,0,7
228,228,1,0,8
229,229,0,0,8
230,230,0,0,8
231,231,0,0,8
232,232,0,0,8
233,233,0,0,8
234,234,0,0,10
235,235,0,0,10
236,236,1,0,10
237,237,1,0,9
238,238,0,0,9
239,239,0,0,9
240,240,0,0,9
241,241,0,0,9
242,242,0,0,9
243,243,0,0,9
244,244,0,0,9
245,245,1,0,8
246,246,1,0,7
247,247,0,0,7
248,248,0,0,8
249,249,0,0,9
250,250,0,0,10
251,251,1,0,11
252,252,0,0,11
253,253,2,0,10
254,254,0,0,10
255,255,0,0,12
256,256,0,0,12
257,257,0,0,12
258,258,0,0,14
259,259,0,0,14
260,260,1,0,13
261,261,1,0,12
262,262,0,0,12
263,263,0,0,12
264,264,0,0,13
265,265,1,0,13
266,266,0,0,13
267,267,0,0,13
268,268,0,0,13
269,269,0,0,13
270,270,0,0,13
271,271,0,0,13
272,272,1,0,13
273,273,0,0,13
274,274,0,0,14
275,275,1,0,14
276,276,1,0,13
277,277,0,0,13
278,278,0,0,14
279,279,2,0,12
280,280,0,0,13
281,281,0,0,14
282,282,1,0,13
283,283,0,0,14
284,284,1,0,13
285,285,0,0,13
286,286,0,0,13
287,287,1,0,12
288,288,0,0,13
289,289,0,0,13
290,290,0,0,13
291,291,1,0,12
292,292,1,0,11
293,293,0,0,11
294,294,0,0,11
295,295,1,0,10
296,296,0,0,10
297,297,0,0,10
298,298,2,0,9
299,299,1,0,9
300,300,0,0,9
301,301,0,0,10
302,302,0,0,10
303,303,0,0,10
304,304,0,0,10
305,305,0,0,10
306,306,0,0,10
307,307,0,0,10
308,308,0,0,11
309,309,0,0,11
310,310,1,0,10
311,311,0,0,11
312,312,0,0,12
313,313,0,0,12
314,314,0,0,12
315,315,0,0,12
316,316,0,0,12
317,317,1,0,11
318,318,0,0,12
319,319,0,0,12
320,320,0,0,12
321,321,0,0,12
322,322,1,0,11
323,323,0,0,12
324,324,0,0,12
325,325,1,0,11
326,326,1,0,10
327,327,1,0,9
328,328,0,0,10
329,329,0,0,10
330,330,1,0,11
331,331,0,0,11
332,332,0,0,12
333,333,0,0,12
334,334,0,0,13
335,335,0,0,13
336,336,0,0,14
337,337,0,0,16
338,338,1,0,15
339,339,0,0,15
340,340,0,0,15
341,341,0,0,15
342,342,0,0,15
343,343,0,0,15
344,344,0,0,15
345,345,2,0,13
346,346,0,0,14
347,347,0,0,14
348,348,0,0,15
349,349,0,0,15
350,350,0,0,15
351,351,0,0,15
352,352,0,0,15
353,353,1,0,15
354,354,0,0,15
355,355,0,0,15
356,356,0,0,15
357,357,0,0,15
358,358,0,0,15
359,359,0,0,15
360,360,0,0,15
361,361,0,0,15
362,362,0,0,16
363,363,1,0,15
364,364,1,0,14
365,365,0,0,14
366,366,0,0,14
367,367,0,0,14
368,368,0,0,14
369,369,0,0,14
370,370,1,0,13
371,371,1,0,12
372,372,0,0,12
373,373,0,0,12
374,374,0,0,12
375,375,0,0,12
376,376,0,0,12
377,377,0,0,12
378,378,0,0,12
379,379,1,0,11
380,380,0,0,11
381,381,0,0,11
382,382,1,0,10
383,383,0,0,11
384,384,0,0,11
385,385,2,0,9
386,386,0,0,9
387,387,1,0,9
388,388,0,0,9
389,389,0,0,10
390,390,0,0,10
391,391,1,0,9
392,392,1,0,9
393,393,0,0,10
394,394,0,0,10
395,395,0,0,10
396,396,0,0,10
397,397,1,0,10
398,398,0,0,10
399,399,0,0,10
400,400,0,0,11
401,401,0,0,11
402,402,0,0,11
403,403,1,0,10
404,404,0,0,10
405,405,1,0,9
406,406,0,0,9
407,407,0,0,9
408,408,0,0,9
409,409,0,0,9
410,410,1,0,8
411,411,0,0,8
412,412,0,0,8
413,413,0,0,8
414,414,1,0,7
415,415,0,0,7
416,416,0,0,7
417,417,0,0,7
418,418,0,0,7
419,419,0,0,7
420,420,0,0,8
421,421,1,0,8
422,422,1,0,7
423,423,0,0,7
424,424,0,0,7
425,425,1,0,6
426,426,0,0,6
427,427,1,0,5
428,428,3,0,2
429,429,0,0,3
430,430,0,0,3
431,431,0,0,3
432,432,0,0,3
433,433,1,0,4
434,434,0,0,4
435,435,0,0,4
436,436,0,0,4
437,437,1,0,3
438,438,0,0,3
439,439,0,0,5
440,440,2,0,5
441,441,0,0,5
442,442,1,0,4
443,443,0,0,5
444,444,0,0,6
445,445,0,0,6
446,446,1,0,7
447,447,0,0,7
448,448,1,0,6
449,449,0,0,6
450,450,0,0,6
451,451,0,0,7
452,452,0,0,8
453,453,1,0,8
454,454,0,0,9
455,455,2,0,7
456,456,0,0,7
457,457,0,0,7
458,458,0,0,7
459,459,0,0,7
460,460,0,0,7
461,461,0,0,8
462,462,0,0,8
463,463,0,0,8
464,464,0,0,8
465,465,1,0,7
466,466,0,0,7
467,467,1,0,6
468,468,1,0,6
469,469,0,0,6
470,470,1,0,5
471,471,0,0,5
472,472,0,0,5
473,473,1,0,4
474,474,0,0,5
475,475,0,0,5
476,476,0,0,5
477,477,0,0,6
478,478,0,0,6
479,479,0,0,6
480,480,0,0,6
481,481,0,0,6
482,482,1,0,5
483,483,0,0,5
484,484,1,0,4
485,485,0,0,5
486,486,1,0,4
487,487,5,1,0
488,488,0,0,0
489,489,0,0,0
490,490,0,0,1
491,491,0,0,1
492,492,0,0,1
493,493,1,0,0
494,494,1,0,0
495,495,0,0,0
496,496,1,1,0
497,497,0,1,0
498,498,0,1,0
499,499,2,2,0
500,500,1,3,0
501,501,0,3,0
502,502,1,4,0
503,503,0,4,0
504,504,0,4,0
505,505,0,3,0
506,506,0,2,0
507,507,0,2,0
508,508,2,3,0
509,509,0,3,0
510,510,0,3,0
511,511,1,4,0
512,512,0,4,0
513,513,0,3,0
514,514,1,4,0
515,515,0,4,0
516,516,0,2,0
517,517,1,3,0
518,518,0,3,0
519,519,1,3,0
520,520,0,2,0
521,521,1,3,0
522,522,0,3,0
523,523,0,3,0
524,524,0,3,0
525,525,0,3,0
526,526,0,3,0
527,527,0,3,0
528,528,0,1,0
529,529,0,0,0
530,530,0,0,0
531,531,4,4,0
532,532,0,4,0
533,533,0,4,0
534,534,2,6,0
535,535,1,6,0
536,536,0,5,0
537,537,0,4,0
538,538,0,2,0
539,539,0,1,0
540,540,0,1,0
541,541,1,2,0
542,542,0,0,0
543,543,0,0,0
544,544,0,0,0
545,545,0,0,0
546,546,0,0,0
547,547,1,1,0
548,548,1,2,0
549,549,1,3,0
550,550,0,3,0
551,551,0,3,0
552,552,0,3,0
553,553,1,4,0
554,554,0,4,0
555,555,0,4,0
556,556,0,3,0
557,557,0,3,0
558,558,1,4,0
559,559,0,4,0
560,560,1,5,0
561,561,1,4,0
562,562,0,4,0
563,563,0,4,0
564,564,0,4,0
565,565,1,4,0
566,566,0,3,0
567,567,0,2,0
568,568,0,2,0
569,569,0,2,0
570,570,0,2,0
571,571,2,4,0
572,572,0,4,0
573,573,0,4,0
574,574,0,3,0
575,575,0,3,0
576,576,0,3,0
577,577,0,3,0
578,578,1,4,0
579,579,0,4,0
580,580,0,3,0
581,581,0,3,0
582,582,0,3,0
583,583,1,4,0
584,584,0,4,0
585,585,0,3,0
586,586,0,3,0
587,587,0,3,0
588,588,0,2,0
589,589,0,2,0
590,590,1,2,0
591,591,0,2,0
592,592,0,2,0
593,593,0,2,0
594,594,0,1,0
595,595,0,0,0
596,596,0,0,0
597,597,1,0,0
598,598,0,0,0
599,599,0,0,0
600,600,0,0,0
601,601,0,0,0
602,602,0,0,0
603,603,0,0,2
604,604,0,0,3
605,605,0,0,4
606,606,1,0,3
607,607,0,0,4
608,608,0,0,5
609,609,1,0,5
610,610,1,0,4
611,611,0,0,4
612,612,0,0,4
613,613,1,0,3
614,614,0,0,3
615,615,0,0,4
616,616,0,0,4
617,617,0,0,4
618,618,2,0,2
619,619,0,0,2
620,620,1,0,1
621,621,0,0,1
622,622,1,0,0
623,623,2,1,0
624,624,0,1,0
625,625,0,1,0
626,626,0,1,0
627,627,3,4,0
628,628,0,3,0
629,629,0,2,0
630,630,0,1,0
631,631,3,4,0
632,632,0,4,0
633,633,0,3,0
634,634,0,3,0
635,635,0,3,0
636,636,0,2,0
637,637,0,2,0
638,638,0,2,0
639,639,0,2,0
640,640,0,2,0
641,641,0,2,0
642,642,0,1,0
643,643,0,1,0
644,644,1,1,0
645,645,0,1,0
646,646,0,1,0
647,647,0,0,0
648,648,0,0,0
649,649,0,0,1
650,650,0,0,1
651,651,0,0,1
652,652,0,0,2
653,653,1,0,1
654,654,1,0,0
655,655,0,0,0
656,656,0,0,0
657,657,0,0,0
658,658,0,0,0
659,659,1,1,0
660,660,0,1,0
661,661,1,2,0
662,662,0,2,0
663,663,0,1,0
664,664,0,1,0
665,665,0,1,0
666,666,0,0,1
667,667,0,0,1
668,668,2,0,0
669,669,0,0,2
670,670,2,0,1
671,671,0,0,1
672,672,0,0,1
673,673,1,0,0
674,674,0,0,1
675,675,0,0,1
676,676,0,0,2
677,677,0,0,2
678,678,0,0,3
679,679,0,0,3
680,680,0,0,3
681,681,0,0,4
682,682,0,0,4
683,683,1,0,3
684,684,1,0,3
685,685,2,0,1
686,686,0,0,1
687,687,0,0,2
688,688,0,0,2
689,689,0,0,2
690,690,0,0,2
691,691,0,0,4
692,692,0,0,4
693,693,0,0,5
694,694,0,0,6
695,695,0,0,7
696,696,1,0,7
697,697,0,0,7
698,698,2,0,7
699,699,0,0,7
700,700,1,0,6
701,701,0,0,7
702,702,0,0,8
703,703,1,0,7
704,704,0,0,7
705,705,1,0,6
706,706,0,0,7
707,707,0,0,7
708,708,2,0,5
709,709,1,0,4
710,710,0,0,4
711,711,1,0,3
712,712,1,0,2
713,713,0,0,3
714,714,1,0,3
715,715,0,0,3
716,716,0,0,3
717,717,1,0,4
718,718,0,0,4
719,719,0,0,5
720,720,0,0,5
721,721,0,0,5
722,722,0,0,5
723,723,0,0,5
724,724,0,0,5
725,725,0,0,5
726,726,0,0,5
727,727,0,0,5
728,728,1,0,4
729,729,0,0,5
730,730,0,0,5
731,731,0,0,5
732,732,1,0,4
733,733,1,0,3
734,734,0,0,3
735,735,0,0,3
736,736,1,0,2
737,737,0,0,2
738,738,0,0,2
739,739,0,0,2
740,740,0,0,2
741,741,0,0,3
742,742,0,0,3
743,743,1,0,2
744,744,0,0,2
745,745,0,0,2
746,746,0,0,2
747,747,0,0,2
748,748,0,0,2
749,749,0,0,3
750,750,0,0,4
751,751,0,0,4
752,752,1,0,3
753,753,0,0,4
754,754,0,0,4
755,755,1,0,3
756,756,0,0,3
757,757,0,0,3
758,758,0,0,4
759,759,0,0,4
760,760,0,0,4
761,761,0,0,4
762,762,0,0,5
763,763,3,0,3
764,764,1,0,2
765,765,0,0,3
766,766,0,0,3
767,767,1,0,2
768,768,0,0,2
769,769,0,0,2
770,770,0,0,2
771,771,0,0,2
772,772,0,0,2
773,773,0,0,2
774,774,0,0,2
775,775,0,0,2
776,776,0,0,2
777,777,0,0,2
778,778,1,0,1
779,779,0,0,1
780,780,0,0,2
781,781,0,0,3
782,782,0,0,3
783,783,1,0,2
784,784,0,0,2
785,785,2,0,0
786,786,0,0,0
787,787,0,0,0
788,788,0,0,1
789,789,0,0,1
790,790,0,0,2
791,791,1,0,1
792,792,0,0,2
793,793,0,0,2
794,794,0,0,2
795,795,0,0,2
796,796,0,0,3
797,797,0,0,3
798,798,0,0,3
799,799,0,0,3
800,800,0,0,3
801,801,0,0,4
802,802,0,0,4
803,803,0,0,4
804,804,0,0,4
805,805,0,0,4
806,806,0,0,4
807,807,0,0,4
808,808,1,0,3
809,809,0,0,3
810,810,0,0,3
811,811,0,0,3
812,812,1,0,2
813,813,0,0,2
814,814,0,0,2
815,815,0,0,2
816,816,0,0,3
817,817,0,0,3
818,818,1,0,2
819,819,0,0,2
820,820,1,0,2
821,821,0,0,2
822,822,0,0,2
823,823,0,0,2
824,824,0,0,2
825,825,0,0,3
826,826,0,0,3
827,827,0,0,3
828,828,0,0,4
829,829,1,0,3
830,830,1,0,2
831,831,0,0,3
832,832,0,0,3
833,833,2,0,1
834,834,0,0,1
835,835,0,0,2
836,836,1,0,1
837,837,0,0,2
838,838,1,0,1
839,839,0,0,2
840,840,1,0,2
841,841,0,0,2
842,842,0,0,2
843,843,0,0,3
844,844,0,0,3
845,845,0,0,3
846,846,3,0,0
847,847,0,0,0
848,848,0,0,0
849,849,0,0,0
850,850,3,0,0
851,851,1,1,0
852,852,0,1,0
853,853,0,1,0
854,854,0,1,0
855,855,0,1,0
856,856,0,1,0
857,857,0,1,0
858,858,1,2,0
859,859,1,3,0
860,860,0,3,0
861,861,1,3,0
862,862,0,3,0
863,863,0,2,0
864,864,0,2,0
865,865,0,2,0
866,866,1,2,0
867,867,0,2,0
868,868,0,1,0
869,869,0,1,0
870,870,0,1,0
871,871,0,1,0
872,872,1,2,0
873,873,0,2,0
874,874,0,2,0
875,875,0,2,0
876,876,0,2,0
877,877,0,2,0
878,878,0,2,0
879,879,0,2,0
880,880,1,3,0
881,881,0,2,0
882,882,1,2,0
883,883,0,1,0
884,884,1,1,0
885,885,0,1,0
886,886,1,2,0
887,887,0,2,0
888,888,0,2,0
889,889,1,2,0
890,890,5,7,0
891,891,0,7,0
892,892,0,6,0
893,893,1,7,0
894,894,1,6,0
895,895,0,6,0
896,896,0,6,0
897,897,0,5,0
898,898,0,5,0
899,899,0,4,0
900,900,0,4,0
901,901,1,5,0
902,902,2,7,0
903,903,1,7,0
904,904,3,10,0
905,905,0,10,0
906,906,1,11,0
907,907,1,12,0
908,908,1,13,0
909,909,0,13,0
910,910,1,13,0
911,911,0,13,0
912,912,0,13,0
913,913,0,13,0
914,914,1,13,0
915,915,0,13,0
916,916,0,13,0
917,917,0,11,0
918,918,0,11,0
919,919,1,12,0
920,920,0,12,0
921,921,0,12,0
922,922,0,12,0
923,923,0,12,0
924,924,0,12,0
925,925,0,12,0
926,926,0,12,0
927,927,2,14,0
928,928,1,14,0
929,929,0,14,0
930,930,0,14,0
931,931,0,14,0
932,932,0,13,0
933,933,1,12,0
934,934,1,13,0
935,935,0,12,0
936,936,0,12,0
937,937,1,12,0
938,938,0,11,0
939,939,1,12,0
940,940,1,11,0
941,941,0,11,0
942,942,0,11,0
943,943,0,11,0
944,944,1,11,0
945,945,0,10,0
946,946,1,11,0
947,947,0,11,0
948,948,1,12,0
949,949,1,13,0
950,950,1,14,0
951,951,2,16,0
952,952,1,15,0
953,953,1,16,0
954,954,0,15,0
955,955,0,15,0
956,956,0,13,0
957,957,0,12,0
958,958,0,12,0
959,959,0,12,0
960,960,1,13,0
961,961,0,13,0
962,962,2,15,0
963,963,0,15,0
964,964,1,15,0
965,965,0,13,0
966,966,0,13,0
967,967,1,14,0
968,968,1,15,0
969,969,1,15,0
970,970,0,15,0
971,971,0,15,0
972,972,1,16,0
973,973,1,17,0
974,974,0,17,0
975,975,0,16,0
976,976,0,15,0
977,977,0,15,0
978,978,0,15,0
979,979,0,15,0
980,980,0,15,0
981,981,0,15,0
982,982,0,15,0
983,983,0,15,0
984,984,0,15,0
985,985,0,15,0
986,986,3,17,0
987,987,1,18,0
988,988,1,18,0
989,989,1,19,0
990,990,0,18,0
991,991,0,18,0
992,992,0,18,0
993,993,0,18,0
994,994,0,18,0
995,995,0,18,0
996,996,1,18,0
997,997,0,18,0
998,998,1,19,0
999,999,0,19,0
1000,1000,1,20,0
1001,1001,0,20,0
1002,1002,0,19,0
1003,1003,0,19,0
1004,1004,0,19,0
1005,1005,0,18,0
1006,1006,0,18,0
1007,1007,0,18,0
1008,1008,0,18,0
1009,1009,0,18,0
1010,1010,0,16,0
1011,1011,0,16,0
1012,1012,1,17,0
1013,1013,0,17,0
1014,1014,0,16,0
1015,1015,0,16,0
1016,1016,0,15,0
1017,1017,0,15,0
1018,1018,1,14,0
1019,1019,1,15,0
1020,1020,0,13,0
1021,1021,1,14,0
1022,1022,0,13,0
1023,1023,0,12,0
1024,1024,0,12,0
1025,1025,1,12,0
1026,1026,0,11,0
1027,1027,2,13,0
1028,1028,0,13,0
1029,1029,0,12,0
1030,1030,1,12,0
1031,1031,0,12,0
1032,1032,0,12,0
1033,1033,1,13,0
1034,1034,0,13,0
1035,1035,1,13,0
1036,1036,0,13,0
1037,1037,1,14,0
1038,1038,3,16,0
1039,1039,0,16,0
1040,1040,0,16,0
1041,1041,0,16,0
1042,1042,0,15,0
1043,1043,0,15,0
1044,1044,0,15,0
1045,1045,0,14,0
1046,1046,0,14,0
1047,1047,0,13,0
1048,1048,0,12,0
1049,1049,0,12,0
1050,1050,0,12,0
1051,1051,0,12,0
1052,1052,1,11,0
1053,1053,0,11,0
1054,1054,0,11,0
1055,1055,1,12,0
1056,1056,1,13,0
1057,1057,0,13,0
1058,1058,0,13,0
1059,1059,0,12,0
1060,1060,0,11,0
1061,1061,0,11,0
1062,1062,0,10,0
1063,1063,0,10,0
1064,1064,1,11,0
1065,1065,0,10,0
1066,1066,0,10,0
1067,1067,0,9,0
1068,1068,2,11,0
1069,1069,0,10,0
1070,1070,0,8,0
1071,1071,0,8,0
1072,1072,2,10,0
1073,1073,0,10,0
1074,1074,0,10,0
1075,1075,0,10,0
1076,1076,0,9,0
1077,1077,1,10,0
1078,1078,1,11,0
1079,1079,1,11,0
1080,1080,0,11,0
1081,1081,0,11,0
1082,1082,0,11,0
1083,1083,0,11,0
1084,1084,1,11,0
1085,1085,0,11,0
1086,1086,1,11,0
1087,1087,0,10,0
1088,1088,0,10,0
1089,1089,0,10,0
1090,1090,0,9,0
1091,1091,0,9,0
1092,1092,1,9,0
1093,1093,1,9,0
1094,1094,1,10,0
1095,1095,0,9,0
1096,1096,1,10,0
1097,1097,0,10,0
1098,1098,0,9,0
1099,1099,0,7,0
1100,1100,0,7,0
1101,1101,0,6,0
1102,1102,0,6,0
1103,1103,2,7,0
1104,1104,0,7,0
1105,1105,0,7,0
1106,1106,0,6,0
1107,1107,0,6,0
1108,1108,0,5,0
1109,1109,0,5,0
1110,1110,0,5,0
1111,1111,1,6,0
1112,1112,0,5,0
1113,1113,0,5,0
1114,1114,0,5,0
1115,1115,0,5,0
1116,1116,1,5,0
1117,1117,0,3,0
1118,1118,1,4,0
1119,1119,1,5,0
1120,1120,1,6,0
1121,1121,0,5,0
1122,1122,0,4,0
1123,1123,0,4,0
1124,1124,1,5,0
1125,1125,0,5,0
1126,1126,0,5,0
1127,1127,0,4,0
1128,1128,1,5,0
1129,1129,1,6,0
1130,1130,0,6,0
1131,1131,0,6,0
1132,1132,0,6,0
1133,1133,0,6,0
1134,1134,2,7,0
1135,1135,0,6,0
1136,1136,0,6,0
1137,1137,0,6,0
1138,1138,0,6,0
1139,1139,0,6,0
1140,1140,1,7,0
1141,1141,0,7,0
1142,1142,0,7,0
1143,1143,0,5,0
1144,1144,0,5,0
1145,1145,1,6,0
1146,1146,0,5,0
1147,1147,0,4,0
1148,1148,0,3,0
1149,1149,1,4,0
1150,1150,0,4,0
1151,1151,0,4,0
1152,1152,0,4,0
1153,1153,1,4,0
1154,1154,0,4,0
1155,1155,1,5,0
1156,1156,1,6,0
1157,1157,1,7,0
1158,1158,0,7,0
1159,1159,0,6,0
1160,1160,0,6,0
1161,1161,0,5,0
1162,1162,0,5,0
1163,1163,0,5,0
1164,1164,1,5,0
1165,1165,0,5,0
1166,1166,2,7,0
1167,1167,0,6,0
1168,1168,0,6,0
1169,1169,1,7,0
1170,1170,0,7,0
1171,1171,0,7,0
1172,1172,2,8,0
1173,1173,0,7,0
1174,1174,0,7,0
1175,1175,0,7,0
1176,1176,0,5,0
1177,1177,0,5,0
1178,1178,1,6,0
1179,1179,0,5,0
1180,1180,0,4,0
1181,1181,0,4,0
1182,1182,1,5,0
1183,1183,0,5,0
1184,1184,0,5,0
1185,1185,1,4,0
1186,1186,0,4,0
1187,1187,1,5,0
1188,1188,0,5,0
1189,1189,0,5,0
1190,1190,0,4,0
1191,1191,0,4,0
1192,1192,0,4,0
1193,1193,0,4,0
1194,1194,0,3,0
1195,1195,1,4,0
1196,1196,0,4,0
1197,1197,0,4,0
1198,1198,0,4,0
1199,1199,0,4,0
1200,1200,0,4,0
1201,1201,0,4,0
1202,1202,0,4,0
1203,1203,0,4,0
1204,1204,0,3,0
1205,1205,0,2,0
1206,1206,0,2,0
1207,1207,0,2,0
1208,1208,1,3,0
1209,1209,0,2,0
1210,1210,0,1,0
1211,1211,0,1,0
1212,1212,0,0,0
1213,1213,0,0,0
1214,1214,0,0,0
1215,1215,0,0,0
1216,1216,1,0,0
1217,1217,0,0,1
1218,1218,1,0,0
1219,1219,2,2,0
1220,1220,1,3,0
1221,1221,0,3,0
1222,1222,1,4,0
1223,1223,0,3,0
1224,1224,1,4,0
1225,1225,1,5,0
1226,1226,1,4,0
1227,1227,0,4,0
1228,1228,0,4,0
1229,1229,0,3,0
1230,1230,2,5,0
1231,1231,1,6,0
1232,1232,0,6,0
1233,1233,1,7,0
1234,1234,0,7,0
1235,1235,1,8,0
1236,1236,0,8,0
1237,1237,0,7,0
1238,1238,0,7,0
1239,1239,0,7,0
1240,1240,0,6,0
1241,1241,0,6,0
1242,1242,1,7,0
1243,1243,0,7,0
1244,1244,0,7,0
1245,1245,2,9,0
1246,1246,0,9,0
1247,1247,0,9,0
1248,1248,1,9,0
1249,1249,1,9,0
1250,1250,0,9,0
1251,1251,0,9,0
1252,1252,0,9,0
1253,1253,0,7,0
1254,1254,0,7,0
1255,1255,0,7,0
1256,1256,0,7,0
1257,1257,0,7,0
1258,1258,0,7,0
1259,1259,1,8,0
1260,1260,0,8,0
1261,1261,0,8,0
1262,1262,0,8,0
1263,1263,0,8,0
1264,1264,0,8,0
1265,1265,0,8,0
1266,1266,0,8,0
1267,1267,0,8,0
1268,1268,0,8,0
1269,1269,0,7,0
1270,1270,0,7,0
1271,1271,0,7,0
1272,1272,0,6,0
1273,1273,0,6,0
1274,1274,0,5,0
1275,1275,0,5,0
1276,1276,1,5,0
1277,1277,0,4,0
1278,1278,0,3,0
1279,1279,0,2,0
1280,1280,2,4,0
1281,1281,0,3,0
1282,1282,2,5,0
1283,1283,0,5,0
1284,1284,0,5,0
1285,1285,0,5,0
1286,1286,1,4,0
1287,1287,0,4,0
1288,1288,1,5,0
1289,1289,0,4,0
1290,1290,1,5,0
1291,1291,1,6,0
1292,1292,1,7,0
1293,1293,0,7,0
1294,1294,0,6,0
1295,1295,0,6,0
1296,1296,0,6,0
1297,1297,0,6,0
1298,1298,1,6,0
1299,1299,1,7,0
1300,1300,0,7,0
1301,1301,0,7,0
1302,1302,1,8,0
1303,1303,0,8,0
1304,1304,2,10,0
1305,1305,1,10,0
1306,1306,0,10,0
1307,1307,0,10,0
1308,1308,0,10,0
1309,1309,2,12,0
1310,1310,1,13,0
1311,1311,1,14,0
1312,1312,0,14,0
1313,1313,0,14,0
1314,1314,3,17,0
1315,1315,0,17,0
1316,1316,0,17,0
1317,1317,0,15,0
1318,1318,0,13,0
1319,1319,1,13,0
1320,1320,1,13,0
1321,1321,0,13,0
1322,1322,0,13,0
1323,1323,0,12,0
1324,1324,0,12,0
1325,1325,0,11,0
1326,1326,1,12,0
1327,1327,1,13,0
1328,1328,1,14,0
1329,1329,0,13,0
1330,1330,0,13,0
1331,1331,0,12,0
1332,1332,0,11,0
1333,1333,0,11,0
1334,1334,0,10,0
1335,1335,1,10,0
1336,1336,1,11,0
1337,1337,0,9,0
1338,1338,1,10,0
1339,1339,1,10,0
1340,1340,1,11,0
1341,1341,0,9,0
1342,1342,0,8,0
1343,1343,1,9,0
1344,1344,0,9,0
1345,1345,1,10,0
1346,1346,0,9,0
1347,1347,1,9,0
1348,1348,0,9,0
1349,1349,0,8,0
1350,1350,0,8,0
1351,1351,0,8,0
1352,1352,0,7,0
1353,1353,0,7,0
1354,1354,0,7,0
1355,1355,0,6,0
1356,1356,1,7,0
1357,1357,0,7,0
1358,1358,0,7,0
1359,1359,0,7,0
1360,1360,0,7,0
1361,1361,0,7,0
1362,1362,0,7,0
1363,1363,1,8,0
1364,1364,0,8,0
1365,1365,0,8,0
1366,1366,0,8,0
1367,1367,0,7,0
1368,1368,2,9,0
1369,1369,1,10,0
1370,1370,0,10,0
1371,1371,1,11,0
1372,1372,0,11,0
1373,1373,0,10,0
1374,1374,2,11,0
1375,1375,0,11,0
1376,1376,0,9,0
1377,1377,0,9,0
1378,1378,0,9,0
1379,1379,1,9,0
1380,1380,1,10,0
1381,1381,0,10,0
1382,1382,0,9,0
1383,1383,0,9,0
1384,1384,0,9,0
1385,1385,0,9,0
1386,1386,0,9,0
1387,1387,1,9,0
1388,1388,0,9,0
1389,1389,0,9,0
1390,1390,1,10,0
1391,1391,1,9,0
1392,1392,0,8,0
1393,1393,3,11,0
1394,1394,0,10,0
1395,1395,0,9,0
1396,1396,0,7,0
1397,1397,0,5,0
1398,1398,0,5,0
1399,1399,0,5,0
1400,1400,1,6,0
1401,1401,0,6,0
1402,1402,0,5,0
1403,1403,0,5,0
1404,1404,0,4,0
1405,1405,0,3,0
1406,1406,0,3,0
1407,1407,2,5,0
1408,1408,1,6,0
1409,1409,0,5,0
1410,1410,0,4,0
1411,1411,0,4,0
1412,1412,1,4,0
1413,1413,1,5,0
1414,1414,1,5,0
1415,1415,1,6,0
1416,1416,1,7,0
1417,1417,0,7,0
1418,1418,0,7,0
1419,1419,1,8,0
1420,1420,0,7,0
1421,1421,1,8,0
1422,1422,0,8,0
1423,1423,0,8,0
1424,1424,0,8,0
1425,1425,0,5,0
1426,1426,0,5,0
1427,1427,0,4,0
1428,1428,0,4,0
1429,1429,1,5,0
1430,1430,0,4,0
1431,1431,0,2,0
1432,1432,1,2,0
1433,1433,0,2,0
1434,1434,0,1,0
1435,1435,3,3,0
1436,1436,0,3,0
1437,1437,0,1,0
1438,1438,0,1,0
1439,1439,1,2,0
1440,1440,1,3,0
1441,1441,0,2,0
1442,1442,0,2,0
1443,1443,0,2,0
1444,1444,0,2,0
1445,1445,1,3,0
1446,1446,0,3,0
1447,1447,0,3,0
1448,1448,0,3,0
1449,1449,1,4,0
1450,1450,1,5,0
1451,1451,0,4,0
1452,1452,0,4,0
1453,1453,1,5,0
1454,1454,2,7,0
1455,1455,0,7,0
1456,1456,0,7,0
1457,1457,0,7,0
1458,1458,0,7,0
1459,1459,0,7,0
1460,1460,0,7,0
1461,1461,2,8,0
1462,1462,0,8,0
1463,1463,0,8,0
1464,1464,0,8,0
1465,1465,0,8,0
1466,1466,0,8,0
1467,1467,0,7,0
1468,1468,0,7,0
1469,1469,0,6,0
1470,1470,1,7,0
1471,1471,0,7,0
1472,1472,1,8,0
1473,1473,0,8,0
1474,1474,0,8,0
1475,1475,0,7,0
1476,1476,0,7,0
1477,1477,0,7,0
1478,1478,1,8,0
1479,1479,0,8,0
1480,1480,0,7,0
1481,1481,0,7,0
1482,1482,0,6,0
1483,1483,1,7,0
1484,1484,0,7,0
1485,1485,0,7,0
1486,1486,0,7,0
1487,1487,1,8,0
1488,1488,0,7,0
1489,1489,0,7,0
1490,1490,0,7,0
1491,1491,0,6,0
1492,1492,0,5,0
1493,1493,1,6,0
1494,1494,0,6,0
1495,1495,0,5,0
1496,1496,0,5,0
1497,1497,0,5,0
1498,1498,0,5,0
1499,1499,0,4,0
1500,1500,0,3,0
1501,1501,0,2,0
1502,1502,0,2,0
1503,1503,0,2,0
1504,1504,0,1,0
1505,1505,0,0,0
1506,1506,1,0,1
1507,1507,0,0,2
1508,1508,0,0,2
1509,1509,0,0,2
1510,1510,0,0,4
1511,1511,0,0,4
1512,1512,0,0,5
1513,1513,1,0,4
1514,1514,0,0,4
1515,1515,0,0,4
1516,1516,0,0,4
1517,1517,1,0,4
1518,1518,0,0,4
1519,1519,0,0,4
1520,1520,0,0,5
1521,1521,0,0,5
1522,1522,0,0,5
1523,1523,0,0,5
1524,1524,0,0,6
1525,1525,1,0,5
1526,1526,0,0,6
1527,1527,0,0,6
1528,1528,0,0,6
1529,1529,0,0,6
1530,1530,0,0,6
1531,1531,0,0,6
1532,1532,0,0,6
1533,1533,0,0,7
1534,1534,1,0,6
1535,1535,0,0,6
1536,1536,0,0,6
1537,1537,0,0,8
1538,1538,0,0,8
1539,1539,0,0,8
1540,1540,1,0,10
1541,1541,2,0,8
1542,1542,0,0,8
1543,1543,0,0,8
1544,1544,2,0,6
1545,1545,0,0,6
1546,1546,0,0,6
1547,1547,0,0,6
1548,1548,2,0,4
1549,1549,1,0,4
1550,1550,1,0,4
1551,1551,0,0,4
1552,1552,0,0,4
1553,1553,0,0,4
1554,1554,0,0,5
1555,1555,0,0,5
1556,1556,0,0,5
1557,1557,1,0,4
1558,1558,1,0,4
1559,1559,0,0,5
1560,1560,0,0,5
1561,1561,0,0,7
1562,1562,0,0,8
1563,1563,0,0,8
1564,1564,1,0,8
1565,1565,0,0,8
1566,1566,0,0,8
1567,1567,0,0,9
1568,1568,0,0,9
1569,1569,0,0,9
1570,1570,1,0,8
1571,1571,0,0,8
1572,1572,0,0,8
1573,1573,0,0,9
1574,1574,0,0,9
1575,1575,0,0,9
1576,1576,0,0,11
1577,1577,0,0,12
1578,1578,1,0,11
1579,1579,0,0,11
1580,1580,0,0,11
1581,1581,0,0,12
1582,1582,0,0,12
1583,1583,0,0,12
1584,1584,0,0,12
1585,1585,0,0,12
1586,1586,0,0,12
1587,1587,0,0,13
1588,1588,0,0,15
1589,1589,0,0,15
1590,1590,0,0,15
1591,1591,0,0,15
1592,1592,0,0,15
1593,1593,0,0,15
1594,1594,0,0,16
1595,1595,0,0,16
1596,1596,0,0,16
1597,1597,1,0,15
1598,1598,0,0,15
1599,1599,0,0,15
1600,1600,0,0,15
1601,1601,1,0,14
1602,1602,0,0,14
1603,1603,1,0,13
1604,1604,0,0,13
1605,1605,0,0,13
1606,1606,0,0,13
1607,1607,0,0,14
1608,1608,0,0,14
1609,1609,1,0,13
1610,1610,0,0,13
1611,1611,0,0,13
1612,1612,0,0,14
1613,1613,1,0,13
1614,1614,0,0,13
1615,1615,1,0,12
1616,1616,1,0,12
1617,1617,1,0,11
1618,1618,3,0,8
1619,1619,0,0,9
1620,1620,0,0,9
1621,1621,0,0,9
1622,1622,0,0,9
1623,1623,0,0,9
1624,1624,0,0,9
1625,1625,0,0,9
1626,1626,0,0,9
1627,1627,0,0,9
1628,1628,0,0,9
1629,1629,0,0,9
1630,1630,0,0,9
1631,1631,1,0,8
1632,1632,1,0,7
1633,1633,0,0,7
1634,1634,0,0,7
1635,1635,0,0,7
1636,1636,0,0,9
1637,1637,1,0,8
1638,1638,0,0,9
1639,1639,1,0,9
1640,1640,0,0,9
1641,1641,0,0,10
1642,1642,0,0,10
1643,1643,0,0,12
1644,1644,0,0,12
1645,1645,0,0,12
1646,1646,0,0,12
1647,1647,0,0,13
1648,1648,1,0,12
1649,1649,0,0,13
1650,1650,0,0,13
1651,1651,1,0,12
1652,1652,0,0,12
1653,1653,0,0,12
1654,1654,0,0,12
1655,1655,0,0,12
1656,1656,0,0,15
1657,1657,0,0,15
1658,1658,0,0,15
1659,1659,0,0,15
1660,1660,0,0,15
1661,1661,0,0,15
1662,1662,0,0,16
1663,1663,0,0,16
1664,1664,0,0,17
1665,1665,1,0,17
1666,1666,0,0,17
1667,1667,0,0,17
1668,1668,0,0,17
1669,1669,0,0,17
1670,1670,0,0,17
1671,1671,0,0,17
1672,1672,0,0,17
1673,1673,0,0,17
1674,1674,1,0,16
1675,1675,0,0,17
1676,1676,0,0,18
1677,1677,1,0,19
1678,1678,1,0,18
1679,1679,1,0,17
1680,1680,0,0,17
1681,1681,0,0,18
1682,1682,0,0,18
1683,1683,0,0,18
1684,1684,2,0,16
1685,1685,0,0,16
1686,1686,0,0,16
1687,1687,0,0,16
1688,1688,0,0,18
1689,1689,0,0,18
1690,1690,0,0,19
1691,1691,0,0,19
1692,1692,0,0,19
1693,1693,0,0,19
1694,1694,1,0,19
1695,1695,0,0,19
1696,1696,0,0,19
1697,1697,0,0,19
1698,1698,0,0,20
1699,1699,0,0,22
1700,1700,0,0,22
1701,1701,0,0,22
1702,1702,0,0,22
1703,1703,0,0,22
1704,1704,0,0,22
1705,1705,0,0,23
1706,1706,0,0,24
1707,1707,0,0,24
1708,1708,0,0,24
1709,1709,0,0,24
1710,1710,1,0,24
1711,1711,0,0,24
1712,1712,1,0,25
1713,1713,0,0,25
1714,1714,0,0,25
1715,1715,0,0,26
1716,1716,1,0,25
1717,1717,0,0,26
1718,1718,0,0,27
1719,1719,0,0,27
1720,1720,0,0,28
1721,1721,1,0,27
1722,1722,1,0,27
1723,1723,0,0,27
1724,1724,0,0,27
1725,1725,2,0,25
1726,1726,0,0,26
1727,1727,0,0,26
1728,1728,0,0,27
1729,1729,0,0,27
1730,1730,0,0,28
1731,1731,1,0,27
1732,1732,0,0,27
1733,1733,0,0,27
1734,1734,0,0,27
1735,1735,0,0,27
1736,1736,0,0,27
1737,1737,0,0,27
1738,1738,1,0,26
1739,1739,0,0,27
1740,1740,0,0,27
1741,1741,0,0,27
1742,1742,0,0,28
1743,1743,0,0,28
1744,1744,1,0,27
1745,1745,0,0,27
1746,1746,0,0,27
1747,1747,2,0,25
1748,1748,0,0,25
1749,1749,1,0,24
1750,1750,0,0,25
1751,1751,0,0,25
1752,1752,0,0,26
1753,1753,2,0,24
1754,1754,1,0,23
1755,1755,0,0,23
1756,1756,0,0,23
1757,1757,0,0,24
1758,1758,0,0,24
1759,1759,0,0,24
1760,1760,1,0,23
1761,1761,0,0,23
1762,1762,1,0,23
1763,1763,0,0,23
1764,1764,0,0,23
1765,1765,0,0,23
1766,1766,0,0,23
1767,1767,1,0,24
1768,1768,0,0,24
1769,1769,0,0,24
1770,1770,1,0,23
1771,1771,1,0,22
1772,1772,0,0,22
1773,1773,0,0,22
1774,1774,0,0,22
1775,1775,0,0,22
1776,1776,1,0,22
1777,1777,0,0,22
1778,1778,0,0,22
1779,1779,0,0,23
1780,1780,0,0,23
1781,1781,0,0,24
1782,1782,1,0,23
1783,1783,0,0,23
1784,1784,0,0,23
1785,1785,0,0,23
1786,1786,1,0,22
1787,1787,0,0,22
1788,1788,0,0,22
1789,1789,0,0,22
1790,1790,1,0,21
1791,1791,0,0,21
1792,1792,0,0,21
1793,1793,1,0,20
1794,1794,1,0,19
1795,1795,0,0,19
1796,1796,0,0,19
1797,1797,0,0,19
1798,1798,0,0,19
1799,1799,0,0,20
1800,1800,1,0,19
1801,1801,0,0,20
1802,1802,0,0,20
1803,1803,0,0,21
1804,1804,0,0,21
1805,1805,1,0,20
1806,1806,1,0,19
1807,1807,1,0,18
1808,1808,0,0,18
1809,1809,0,0,18
1810,1810,0,0,18
1811,1811,0,0,18
1812,1812,2,0,16
1813,1813,1,0,15
1814,1814,0,0,15
1815,1815,0,0,15
1816,1816,1,0,14
1817,1817,0,0,14
1818,1818,0,0,14
1819,1819,1,0,13
1820,1820,0,0,14
1821,1821,0,0,14
1822,1822,0,0,14
1823,1823,0,0,15
1824,1824,1,0,14
1825,1825,0,0,15
1826,1826,0,0,15
1827,1827,0,0,15
1828,1828,1,0,14
1829,1829,0,0,14
1830,1830,0,0,15
1831,1831,0,0,16
1832,1832,0,0,16
1833,1833,0,0,16
1834,1834,0,0,16
1835,1835,0,0,16
1836,1836,0,0,16
1837,1837,0,0,16
1838,1838,1,0,15
1839,1839,0,0,17
1840,1840,0,0,17
1841,1841,2,0,15
1842,1842,0,0,15
1843,1843,0,0,15
1844,1844,0,0,15
1845,1845,0,0,15
1846,1846,0,0,15
1847,1847,0,0,15
1848,1848,0,0,15
1849,1849,1,0,14
1850,1850,2,0,12
1851,1851,0,0,12
1852,1852,0,0,12
1853,1853,2,0,10
1854,1854,0,0,13
1855,1855,0,0,13
1856,1856,0,0,13
1857,1857,0,0,13
1858,1858,0,0,14
1859,1859,1,0,14
1860,1860,0,0,15
1861,1861,0,0,15
1862,1862,0,0,15
1863,1863,1,0,14
1864,1864,0,0,14
1865,1865,0,0,14
1866,1866,0,0,14
1867,1867,2,0,14
1868,1868,1,0,13
1869,1869,0,0,14
1870,1870,0,0,14
1871,1871,1,0,13
1872,1872,1,0,13
1873,1873,0,0,13
1874,1874,1,0,12
1875,1875,1,0,11
1876,1876,0,0,11
1877,1877,0,0,12
1878,1878,0,0,13
1879,1879,2,0,11
1880,1880,0,0,11
1881,1881,0,0,11
1882,1882,1,0,10
1883,1883,0,0,10
1884,1884,0,0,11
1885,1885,0,0,11
1886,1886,0,0,11
1887,1887,0,0,11
1888,1888,0,0,12
1889,1889,0,0,12
1890,1890,0,0,12
1891,1891,1,0,11
1892,1892,0,0,11
1893,1893,1,0,10
1894,1894,0,0,10
1895,1895,1,0,9
1896,1896,0,0,9
1897,1897,1,0,8
1898,1898,0,0,8
1899,1899,0,0,8
1900,1900,0,0,8
1901,1901,0,0,8
1902,1902,0,0,8
1903,1903,0,0,9
1904,1904,0,0,9
1905,1905,0,0,9
1906,1906,0,0,9
1907,1907,0,0,9
1908,1908,0,0,9
1909,1909,1,0,8
1910,1910,0,0,8
1911,1911,0,0,9
1912,1912,0,0,9
1913,1913,0,0,9
1914,1914,0,0,9
1915,1915,0,0,9
1916,1916,1,0,8
1917,1917,1,0,8
1918,1918,0,0,8
1919,1919,0,0,8
1920,1920,1,0,8
1921,1921,0,0,8
1922,1922,0,0,10
1923,1923,0,0,10
1924,1924,0,0,10
1925,1925,0,0,10
1926,1926,1,0,10
1927,1927,0,0,10
1928,1928,0,0,10
1929,1929,0,0,10
1930,1930,0,0,10
1931,1931,0,0,10
1932,1932,0,0,10
1933,1933,0,0,10
1934,1934,0,0,11
1935,1935,0,0,11
1936,1936,1,0,11
1937,1937,0,0,11
1938,1938,0,0,11
1939,1939,0,0,11
1940,1940,0,0,11
1941,1941,0,0,11
1942,1942,1,0,10
1943,1943,0,0,10
1944,1944,0,0,10
1945,1945,0,0,10
1946,1946,1,0,9
1947,1947,0,0,9
1948,1948,0,0,9
1949,1949,0,0,9
1950,1950,3,0,6
1951,1951,0,0,6
1952,1952,0,0,6
1953,1953,0,0,7
1954,1954,0,0,7
1955,1955,0,0,7
1956,1956,0,0,9
1957,1957,0,0,9
1958,1958,3,0,6
1959,1959,0,0,6
1960,1960,0,0,7
1961,1961,2,0,5
1962,1962,0,0,5
1963,1963,0,0,6
1964,1964,1,0,7
1965,1965,3,0,4
1966,1966,1,0,4
1967,1967,0,0,4
1968,1968,0,0,5
1969,1969,0,0,5
1970,1970,1,0,4
1971,1971,0,0,4
1972,1972,0,0,4
1973,1973,0,0,4
1974,1974,0,0,5
1975,1975,1,0,4
1976,1976,0,0,4
1977,1977,1,0,4
1978,1978,2,0,2
1979,1979,0,0,2
1980,1980,1,0,2
1981,1981,0,0,2
1982,1982,1,0,2
1983,1983,2,0,0
1984,1984,1,1,0
1985,1985,0,0,0
1986,1986,1,1,0
1987,1987,0,1,0
1988,1988,0,0,0
1989,1989,1,0,0
1990,1990,0,0,0
1991,1991,0,0,1
1992,1992,0,0,2
1993,1993,0,0,2
1994,1994,1,0,1
1995,1995,1,0,1
1996,1996,0,0,1
1997,1997,0,0,1
1998,1998,2,0,1
1999,1999,0,0,1
2000,2000,0,0,2
2001,2001,0,0,2
2002,2002,0,0,2
2003,2003,0,0,2
2004,2004,0,0,2
2005,2005,0,0,2
2006,2006,1,0,1
2007,2007,0,0,1
2008,2008,0,0,2
2009,2009,0,0,2
2010,2010,1,0,1
2011,2011,0,0,2
2012,2012,0,0,2
2013,2013,0,0,2
2014,2014,1,0,3
2015,2015,2,0,1
2016,2016,0,0,1
2017,2017,0,0,3
2018,2018,0,0,3
2019,2019,0,0,3
2020,2020,0,0,3
2021,2021,0,0,3
2022,2022,1,0,2
2023,2023,0,0,2
2024,2024,1,0,1
2025,2025,0,0,2
2026,2026,3,1,0
2027,2027,1,1,0
2028,2028,1,2,0
2029,2029,1,2,0
2030,2030,1,3,0
2031,2031,0,3,0
2032,2032,0,3,0
2033,2033,1,4,0
2034,2034,0,4,0
2035,2035,1,4,0
2036,2036,0,3,0
2037,2037,1,4,0
2038,2038,0,4,0
2039,2039,0,4,0
2040,2040,0,4,0
2041,2041,0,3,0
2042,2042,0,3,0
2043,2043,0,3,0
2044,2044,0,3,0
2045,2045,0,3,0
2046,2046,0,3,0
2047,2047,0,3,0
2048,2048,0,3,0
2049,2049,0,3,0
2050,2050,0,2,0
2051,2051,0,1,0
2052,2052,0,1,0
2053,2053,0,1,0
2054,2054,1,2,0
2055,2055,0,2,0
2056,2056,0,2,0
2057,2057,3,4,0
2058,2058,1,5,0
2059,2059,0,4,0
2060,2060,0,4,0
2061,2061,0,4,0
2062,2062,0,4,0
2063,2063,0,4,0
2064,2064,1,5,0
2065,2065,0,5,0
2066,2066,0,5,0
2067,2067,0,5,0
2068,2068,1,5,0
2069,2069,0,5,0
2070,2070,1,5,0
2071,2071,2,5,0
2072,2072,0,5,0
2073,2073,0,3,0
2074,2074,0,3,0
2075,2075,0,3,0
2076,2076,0,2,0
2077,2077,1,3,0
2078,2078,0,3,0
2079,2079,0,3,0
2080,2080,0,2,0
2081,2081,0,2,0
2082,2082,0,2,0
2083,2083,1,1,0
2084,2084,0,1,0
2085,2085,1,2,0
2086,2086,0,2,0
2087,2087,0,2,0
2088,2088,0,2,0
2089,2089,0,2,0
2090,2090,0,2,0
2091,2091,0,1,0
2092,2092,1,2,0
2093,2093,0,2,0
2094,2094,0,2,0
2095,2095,1,3,0
2096,2096,0,3,0
2097,2097,0,3,0
2098,2098,1,4,0
2099,2099,0,4,0
2100,2100,0,4,0
2101,2101,0,4,0
2102,2102,2,6,0
2103,2103,0,6,0
2104,2104,0,6,0
2105,2105,0,6,0
2106,2106,1,7,0
2107,2107,0,7,0
2108,2108,0,7,0
2109,2109,0,6,0
2110,2110,0,6,0
2111,2111,0,6,0
2112,2112,0,6,0
2113,2113,1,5,0
2114,2114,1,6,0
2115,2115,0,6,0
2116,2116,0,6,0
2117,2117,0,6,0
2118,2118,0,6,0
2119,2119,0,6,0
2120,2120,1,7,0
2121,2121,0,7,0
2122,2122,1,8,0
2123,2123,1,6,0
2124,2124,0,6,0
2125,2125,0,6,0
2126,2126,0,6,0
2127,2127,0,6,0
2128,2128,0,6,0
2129,2129,1,7,0
2130,2130,0,6,0
2131,2131,0,6,0
2132,2132,1,6,0
2133,2133,1,7,0
2134,2134,1,7,0
2135,2135,0,7,0
2136,2136,0,7,0
2137,2137,1,8,0
2138,2138,0,7,0
2139,2139,0,7,0
2140,2140,0,6,0
2141,2141,1,6,0
2142,2142,0,6,0
2143,2143,2,8,0
2144,2144,1,8,0
2145,2145,0,7,0
2146,2146,1,8,0
2147,2147,0,8,0
2148,2148,1,9,0
2149,2149,1,9,0
2150,2150,0,8,0
2151,2151,0,7,0
2152,2152,2,9,0
2153,2153,0,9,0
2154,2154,0,9,0
2155,2155,0,8,0
2156,2156,1,9,0
2157,2157,0,8,0
2158,2158,1,8,0
2159,2159,0,7,0
2160,2160,0,7,0
2161,2161,0,7,0
2162,2162,0,6,0
2163,2163,2,7,0
2164,2164,1,8,0
2165,2165,0,8,0
2166,2166,1,9,0
2167,2167,0,9,0
2168,2168,0,9,0
2169,2169,0,8,0
2170,2170,0,7,0
2171,2171,0,7,0
2172,2172,0,7,0
2173,2173,0,7,0
2174,2174,1,7,0
2175,2175,0,6,0
2176,2176,1,5,0
2177,2177,0,5,0
2178,2178,1,6,0
2179,2179,0,6,0
2180,2180,0,6,0
2181,2181,0,6,0
2182,2182,0,6,0
2183,2183,0,5,0
2184,2184,0,3,0
2185,2185,0,2,0
2186,2186,0,2,0
2187,2187,0,2,0
2188,2188,0,2,0
2189,2189,0,1,0
2190,2190,0,1,0
2191,2191,1,2,0
2192,2192,0,2,0
2193,2193,1,2,0
2194,2194,0,2,0
2195,2195,1,3,0
2196,2196,0,1,0
2197,2197,0,1,0
2198,2198,1,2,0
2199,2199,1,2,0
2200,2200,0,2,0
2201,2201,0,1,0
2202,2202,0,1,0
2203,2203,1,0,0
2204,2204,0,0,0
2205,2205,0,0,2
2206,2206,0,0,3
2207,2207,0,0,3
2208,2208,0,0,4
2209,2209,0,0,4
2210,2210,0,0,4
2211,2211,0,0,4
2212,2212,0,0,4
2213,2213,0,0,4
2214,2214,1,0,3
2215,2215,0,0,3
2216,2216,1,0,3
2217,2217,1,0,2
2218,2218,0,0,3
2219,2219,0,0,3
2220,2220,0,0,3
2221,2221,0,0,4
2222,2222,1,0,3
2223,2223,0,0,4
2224,2224,0,0,4
2225,2225,1,0,3
2226,2226,0,0,3
2227,2227,0,0,4
2228,2228,1,0,3
2229,2229,0,0,4
2230,2230,0,0,4
2231,2231,1,0,3
2232,2232,0,0,3
2233,2233,0,0,3
2234,2234,0,0,4
2235,2235,0,0,4
2236,2236,0,0,4
2237,2237,0,0,5
2238,2238,0,0,5
2239,2239,1,0,5
2240,2240,0,0,6
2241,2241,0,0,6
2242,2242,1,0,5
2243,2243,0,0,6
2244,2244,0,0,6
2245,2245,1,0,6
2246,2246,0,0,6
2247,2247,0,0,6
2248,2248,1,0,5
2249,2249,0,0,6
2250,2250,0,0,6
2251,2251,2,0,4
2252,2252,0,0,4
2253,2253,0,0,5
2254,2254,0,0,5
2255,2255,0,0,5
2256,2256,0,0,6
2257,2257,0,0,6
2258,2258,0,0,6
2259,2259,0,0,6
2260,2260,0,0,6
2261,2261,0,0,7
2262,2262,1,0,6
2263,2263,0,0,6
2264,2264,0,0,7
2265,2265,0,0,8
2266,2266,0,0,8
2267,2267,1,0,7
2268,2268,0,0,7
2269,2269,0,0,7
2270,2270,0,0,7
2271,2271,1,0,6
2272,2272,0,0,6
2273,2273,1,0,5
2274,2274,0,0,5
2275,2275,0,0,5
2276,2276,1,0,4
2277,2277,0,0,5
2278,2278,0,0,5
2279,2279,0,0,5
2280,2280,1,0,4
2281,2281,0,0,4
2282,2282,2,0,2
2283,2283,0,0,4
2284,2284,1,0,3
2285,2285,1,0,2
2286,2286,0,0,2
2287,2287,0,0,2
2288,2288,0,0,2
2289,2289,1,0,1
2290,2290,0,0,1
2291,2291,1,0,0
2292,2292,2,1,0
2293,2293,0,0,0
2294,2294,0,0,0
2295,2295,1,1,0
2296,2296,0,1,0
2297,2297,1,2,0
2298,2298,1,3,0
2299,2299,0,3,0
2300,2300,0,3,0
2301,2301,0,2,0
2302,2302,0,2,0
2303,2303,0,2,0
2304,2304,1,3,0
2305,2305,0,3,0
2306,2306,2,4,0
2307,2307,1,5,0
2308,2308,0,5,0
2309,2309,1,6,0
2310,2310,0,5,0
2311,2311,0,5,0
2312,2312,1,6,0
2313,2313,0,6,0
2314,2314,0,5,0
2315,2315,1,6,0
2316,2316,0,5,0
2317,2317,0,5,0
2318,2318,0,4,0
2319,2319,0,4,0
2320,2320,2,5,0
2321,2321,1,4,0
2322,2322,0,3,0
2323,2323,0,3,0
2324,2324,2,5,0
2325,2325,0,5,0
2326,2326,0,5,0
2327,2327,0,5,0
2328,2328,0,5,0
2329,2329,0,5,0
2330,2330,0,5,0
2331,2331,0,5,0
2332,2332,1,5,0
2333,2333,1,6,0
2334,2334,0,6,0
2335,2335,1,7,0
2336,2336,1,8,0
2337,2337,1,8,0
2338,2338,1,8,0
2339,2339,0,8,0
2340,2340,1,9,0
2341,2341,0,9,0
2342,2342,0,8,0
2343,2343,1,9,0
2344,2344,1,10,0
2345,2345,0,9,0
2346,2346,1,9,0
2347,2347,1,10,0
2348,2348,1,10,0
2349,2349,0,10,0
2350,2350,2,12,0
2351,2351,0,10,0
2352,2352,0,10,0
2353,2353,1,10,0
2354,2354,0,10,0
2355,2355,1,11,0
2356,2356,0,11,0
2357,2357,2,13,0
2358,2358,0,13,0
2359,2359,0,13,0
2360,2360,1,14,0
2361,2361,0,14,0
2362,2362,0,14,0
2363,2363,0,14,0
2364,2364,0,14,0
2365,2365,0,14,0
2366,2366,0,14,0
2367,2367,0,14,0
2368,2368,0,12,0
2369,2369,1,13,0
2370,2370,0,12,0
2371,2371,0,11,0
2372,2372,0,11,0
2373,2373,0,11,0
2374,2374,0,10,0
2375,2375,1,9,0
2376,2376,0,9,0
2377,2377,1,10,0
2378,2378,1,11,0
2379,2379,1,12,0
2380,2380,0,12,0
2381,2381,0,12,0
2382,2382,0,12,0
2383,2383,0,12,0
2384,2384,1,13,0
2385,2385,1,14,0
2386,2386,0,14,0
2387,2387,0,14,0
2388,2388,0,14,0
2389,2389,0,14,0
2390,2390,1,15,0
2391,2391,0,15,0
2392,2392,1,15,0
2393,2393,0,15,0
2394,2394,0,15,0
2395,2395,1,16,0
2396,2396,0,15,0
2397,2397,0,15,0
2398,2398,1,16,0
2399,2399,0,16,0
2400,2400,0,16,0
2401,2401,1,17,0
2402,2402,1,17,0
2403,2403,0,17,0
2404,2404,0,15,0
2405,2405,0,14,0
2406,2406,1,15,0
2407,2407,0,15,0
2408,2408,0,15,0
2409,2409,1,14,0
2410,2410,0,13,0
2411,2411,0,13,0
2412,2412,1,14,0
2413,2413,0,13,0
2414,2414,0,12,0
2415,2415,2,14,0
2416,2416,0,14,0
2417,2417,0,13,0
2418,2418,0,13,0
2419,2419,1,14,0
2420,2420,0,14,0
2421,2421,1,15,0
2422,2422,0,14,0
2423,2423,0,14,0
2424,2424,0,14,0
2425,2425,1,15,0
2426,2426,0,15,0
2427,2427,0,15,0
2428,2428,0,14,0
2429,2429,0,14,0
2430,2430,0,14,0
2431,2431,0,14,0
2432,2432,0,14,0
2433,2433,0,13,0
2434,2434,0,13,0
2435,2435,0,13,0
2436,2436,0,13,0
2437,2437,0,13,0
2438,2438,0,13,0
2439,2439,1,14,0
2440,2440,0,14,0
2441,2441,0,14,0
2442,2442,0,13,0
2443,2443,1,14,0
2444,2444,3,17,0
2445,2445,0,17,0
2446,2446,0,17,0
2447,2447,0,16,0
2448,2448,0,15,0
2449,2449,0,15,0
2450,2450,0,15,0
2451,2451,1,16,0
2452,2452,1,17,0
2453,2453,2,17,0
2454,2454,0,17,0
2455,2455,1,18,0
2456,2456,1,19,0
2457,2457,0,18,0
2458,2458,1,19,0
2459,2459,0,19,0
2460,2460,0,19,0
2461,2461,1,20,0
2462,2462,0,20,0
2463,2463,1,20,0
2464,2464,1,21,0
2465,2465,0,21,0
2466,2466,0,19,0
2467,2467,1,19,0
2468,2468,0,19,0
2469,2469,0,18,0
2470,2470,1,19,0
2471,2471,0,19,0
2472,2472,0,19,0
2473,2473,0,19,0
2474,2474,1,20,0
2475,2475,0,20,0
2476,2476,2,22,0
2477,2477,0,22,0
2478,2478,1,22,0
2479,2479,0,22,0
2480,2480,0,22,0
2481,2481,0,21,0
2482,2482,0,21,0
2483,2483,0,21,0
2484,2484,0,21,0
2485,2485,0,20,0
2486,2486,0,20,0
2487,2487,1,21,0
2488,2488,1,22,0
2489,2489,0,22,0
2490,2490,2,24,0
2491,2491,0,23,0
2492,2492,1,23,0
2493,2493,1,24,0
2494,2494,0,24,0
2495,2495,0,24,0
2496,2496,0,23,0
2497,2497,0,23,0
2498,2498,1,24,0
2499,2499,1,24,0
2500,2500,0,24,0
2501,2501,1,25,0
2502,2502,0,25,0
2503,2503,0,25,0
2504,2504,0,24,0
2505,2505,0,24,0
2506,2506,0,23,0
2507,2507,0,23,0
2508,2508,0,23,0
2509,2509,0,23,0
2510,2510,0,22,0
2511,2511,0,22,0
2512,2512,0,22,0
2513,2513,0,21,0
2514,2514,0,21,0
2515,2515,0,21,0
2516,2516,1,22,0
2517,2517,0,22,0
2518,2518,0,21,0
2519,2519,1,22,0
2520,2520,0,22,0
2521,2521,0,22,0
2522,2522,0,22,0
2523,2523,2,24,0
2524,2524,0,23,0
2525,2525,0,23,0
2526,2526,0,23,0
2527,2527,0,22,0
2528,2528,2,24,0
2529,2529,1,24,0
2530,2530,2,26,0
2531,2531,0,26,0
2532,2532,0,26,0
2533,2533,0,26,0
2534,2534,0,25,0
2535,2535,0,24,0
2536,2536,0,23,0
2537,2537,0,22,0
2538,2538,1,23,0
2539,2539,0,23,0
2540,2540,0,23,0
2541,2541,1,24,0
2542,2542,0,24,0
2543,2543,1,25,0
2544,2544,0,23,0
2545,2545,0,23,0
2546,2546,0,23,0
2547,2547,0,23,0
2548,2548,0,23,0
2549,2549,0,23,0
2550,2550,0,22,0
2551,2551,1,22,0
2552,2552,0,21,0
2553,2553,0,20,0
2554,2554,0,20,0
2555,2555,0,19,0
2556,2556,0,19,0
2557,2557,1,20,0
2558,2558,0,20,0
2559,2559,0,20,0
2560,2560,0,20,0
2561,2561,0,20,0
2562,2562,1,21,0
2563,2563,1,22,0
2564,2564,0,21,0
2565,2565,0,21,0
2566,2566,0,21,0
2567,2567,0,21,0
2568,2568,0,21,0
2569,2569,1,21,0
2570,2570,0,18,0
2571,2571,0,18,0
2572,2572,0,18,0
2573,2573,0,18,0
2574,2574,1,19,0
2575,2575,0,17,0
2576,2576,1,18,0
2577,2577,1,19,0
2578,2578,0,19,0
2579,2579,0,18,0
2580,2580,0,18,0
2581,2581,0,18,0
2582,2582,0,18,0
2583,2583,0,18,0
2584,2584,0,18,0
2585,2585,0,17,0
2586,2586,0,17,0
2587,2587,0,16,0
2588,2588,1,17,0
2589,2589,0,17,0
2590,2590,0,17,0
2591,2591,0,16,0
2592,2592,0,16,0
2593,2593,0,15,0
2594,2594,1,16,0
2595,2595,0,16,0
2596,2596,0,16,0
2597,2597,1,16,0
2598,2598,0,16,0
2599,2599,0,16,0
2600,2600,0,16,0
2601,2601,1,16,0
2602,2602,0,16,0
2603,2603,2,18,0
2604,2604,4,22,0
2605,2605,0,22,0
2606,2606,0,22,0
2607,2607,0,22,0
2608,2608,0,22,0
2609,2609,0,20,0
2610,2610,0,19,0
2611,2611,0,19,0
2612,2612,0,19,0
2613,2613,0,18,0
2614,2614,1,18,0
2615,2615,1,19,0
2616,2616,0,19,0
2617,2617,2,21,0
2618,2618,0,21,0
2619,2619,0,19,0
2620,2620,1,20,0
2621,2621,0,20,0
2622,2622,0,20,0
2623,2623,1,21,0
2624,2624,0,21,0
2625,2625,0,21,0
2626,2626,3,24,0
2627,2627,0,23,0
2628,2628,0,23,0
2629,2629,0,22,0
2630,2630,0,22,0
2631,2631,1,23,0
2632,2632,0,22,0
2633,2633,0,22,0
2634,2634,0,21,0
2635,2635,0,20,0
2636,2636,0,20,0
2637,2637,0,20,0
2638,2638,0,20,0
2639,2639,0,20,0
2640,2640,0,19,0
2641,2641,0,19,0
2642,2642,0,19,0
2643,2643,0,18,0
2644,2644,0,17,0
2645,2645,0,16,0
2646,2646,0,13,0
2647,2647,2,15,0
2648,2648,0,14,0
2649,2649,1,15,0
2650,2650,0,15,0
2651,2651,0,14,0
2652,2652,0,14,0
2653,2653,0,14,0
2654,2654,1,15,0
2655,2655,0,15,0
2656,2656,0,15,0
2657,2657,1,15,0
2658,2658,1,16,0
2659,2659,0,16,0
2660,2660,0,16,0
2661,2661,1,17,0
2662,2662,0,17,0
2663,2663,1,16,0
2664,2664,0,16,0
2665,2665,1,16,0
2666,2666,0,16,0
2667,2667,1,16,0
2668,2668,1,16,0
2669,2669,0,16,0
2670,2670,0,16,0
2671,2671,0,15,0
2672,2672,0,15,0
2673,2673,2,17,0
2674,2674,0,17,0
2675,2675,1,18,0
2676,2676,0,17,0
2677,2677,1,18,0
2678,2678,1,19,0
2679,2679,0,16,0
2680,2680,0,16,0
2681,2681,0,16,0
2682,2682,1,17,0
2683,2683,2,19,0
2684,2684,1,20,0
2685,2685,0,20,0
2686,2686,0,20,0
2687,2687,0,20,0
2688,2688,0,19,0
2689,2689,0,17,0
2690,2690,0,17,0
2691,2691,0,17,0
2692,2692,0,17,0
2693,2693,0,16,0
2694,2694,0,16,0
2695,2695,1,17,0
2696,2696,0,16,0
2697,2697,1,16,0
2698,2698,0,16,0
2699,2699,0,16,0
2700,2700,0,16,0
2701,2701,0,16,0
2702,2702,0,16,0
2703,2703,1,17,0
2704,2704,0,15,0
2705,2705,1,15,0
2706,2706,0,14,0
2707,2707,0,14,0
2708,2708,0,14,0
2709,2709,1,15,0
2710,2710,0,14,0
2711,2711,1,15,0
2712,2712,0,15,0
2713,2713,0,14,0
2714,2714,0,13,0
2715,2715,0,12,0
2716,2716,1,12,0
2717,2717,1,13,0
2718,2718,0,13,0
2719,2719,1,14,0
2720,2720,1,15,0
2721,2721,0,15,0
2722,2722,0,15,0
2723,2723,0,15,0
2724,2724,0,15,0
2725,2725,0,15,0
2726,2726,2,17,0
2727,2727,0,17,0
2728,2728,0,17,0
2729,2729,0,17,0
2730,2730,0,16,0
2731,2731,0,16,0
2732,2732,0,15,0
2733,2733,1,15,0
2734,2734,0,15,0
2735,2735,0,15,0
2736,2736,1,15,0
2737,2737,0,15,0
2738,2738,0,13,0
2739,2739,1,14,0
2740,2740,0,14,0
2741,2741,2,15,0
2742,2742,0,15,0
2743,2743,0,14,0
2744,2744,0,14,0
2745,2745,3,16,0
2746,2746,0,16,0
2747,2747,0,16,0
2748,2748,0,16,0
2749,2749,3,18,0
2750,2750,0,17,0
2751,2751,0,17,0
2752,2752,0,17,0
2753,2753,0,15,0
2754,2754,0,14,0
2755,2755,0,14,0
2756,2756,0,14,0
2757,2757,0,14,0
2758,2758,1,14,0
2759,2759,0,14,0
2760,2760,0,12,0
2761,2761,1,13,0
2762,2762,0,13,0
2763,2763,0,11,0
2764,2764,3,14,0
2765,2765,0,14,0
2766,2766,0,14,0
2767,2767,0,14,0
2768,2768,0,14,0
2769,2769,0,14,0
2770,2770,0,13,0
2771,2771,0,13,0
2772,2772,0,13,0
2773,2773,0,13,0
2774,2774,1,14,0
2775,2775,0,13,0
2776,2776,0,13,0
2777,2777,0,13,0
2778,2778,1,14,0
2779,2779,1,14,0
2780,2780,1,15,0
2781,2781,0,15,0
2782,2782,0,15,0
2783,2783,1,16,0
2784,2784,0,16,0
2785,2785,0,16,0
2786,2786,0,16,0
2787,2787,1,16,0
2788,2788,0,16,0
2789,2789,0,15,0
2790,2790,1,15,0
2791,2791,0,14,0
2792,2792,0,14,0
2793,2793,0,13,0
2794,2794,0,12,0
2795,2795,0,11,0
2796,2796,0,11,0
2797,2797,0,10,0
2798,2798,0,9,0
2799,2799,0,9,0
2800,2800,1,10,0
2801,2801,0,10,0
2802,2802,0,9,0
2803,2803,1,10,0
2804,2804,1,11,0
2805,2805,0,10,0
2806,2806,0,10,0
2807,2807,0,9,0
2808,2808,0,9,0
2809,2809,0,8,0
2810,2810,0,8,0
2811,2811,0,8,0
2812,2812,1,9,0
2813,2813,0,9,0
2814,2814,1,10,0
2815,2815,0,10,0
2816,2816,1,10,0
2817,2817,0,9,0
2818,2818,0,8,0
2819,2819,1,9,0
2820,2820,1,10,0
2821,2821,0,8,0
2822,2822,0,8,0
2823,2823,0,8,0
2824,2824,0,8,0
2825,2825,0,8,0
2826,2826,0,8,0
2827,2827,1,8,0
2828,2828,0,7,0
2829,2829,0,7,0
2830,2830,0,6,0
2831,2831,0,6,0
2832,2832,1,7,0
2833,2833,1,7,0
2834,2834,0,7,0
2835,2835,0,7,0
2836,2836,0,7,0
2837,2837,1,8,0
2838,2838,0,8,0
2839,2839,0,7,0
2840,2840,0,7,0
2841,2841,0,5,0
2842,2842,0,4,0
2843,2843,1,5,0
2844,2844,0,5,0
2845,2845,1,6,0
2846,2846,0,6,0
2847,2847,0,6,0
2848,2848,0,5,0
2849,2849,0,5,0
2850,2850,0,4,0
2851,2851,0,3,0
2852,2852,0,3,0
2853,2853,0,2,0
2854,2854,0,2,0
2855,2855,0,2,0
2856,2856,0,2,0
2857,2857,0,2,0
2858,2858,1,1,0
2859,2859,0,1,0
2860,2860,0,1,0
2861,2861,0,0,0
2862,2862,1,1,0
2863,2863,0,1,0
2864,2864,0,1,0
2865,2865,0,1,0
2866,2866,0,1,0
2867,2867,0,0,0
2868,2868,1,1,0
2869,2869,0,1,0
2870,2870,1,1,0
2871,2871,0,1,0
2872,2872,0,1,0
2873,2873,1,2,0
2874,2874,1,3,0
2875,2875,0,3,0
2876,2876,1,4,0
2877,2877,0,3,0
2878,2878,0,1,0
2879,2879,0,1,0
2880,2880,1,2,0
2881,2881,1,3,0
2882,2882,0,1,0
2883,2883,1,1,0
2884,2884,1,1,0
2885,2885,0,1,0
2886,2886,0,1,0
2887,2887,0,1,0
2888,2888,0,1,0
2889,2889,0,1,0
2890,2890,0,1,0
2891,2891,0,1,0
2892,2892,0,1,0
2893,2893,0,0,0
2894,2894,0,0,0
2895,2895,0,0,0
2896,2896,0,0,1
2897,2897,0,0,1
2898,2898,1,0,0
2899,2899,0,0,0
2900,2900,0,0,0
2901,2901,0,0,1
2902,2902,0,0,1
2903,2903,1,0,1
2904,2904,0,0,1
2905,2905,1,0,0
2906,2906,0,0,1
2907,2907,0,0,1
2908,2908,1,0,0
2909,2909,1,0,0
2910,2910,0,0,1
2911,2911,1,0,0
2912,2912,0,0,0
2913,2913,0,0,0
2914,2914,0,0,0
2915,2915,1,0,0
2916,2916,0,0,0
2917,2917,0,0,1
2918,2918,0,0,1
2919,2919,1,0,0
2920,2920,0,0,0
2921,2921,0,0,0
2922,2922,0,0,0
2923,2923,0,0,1
2924,2924,0,0,2
2925,2925,0,0,2
2926,2926,0,0,3
2927,2927,0,0,3
2928,2928,0,0,3
2929,2929,1,0,3
2930,2930,1,0,2
2931,2931,1,0,1
2932,2932,0,0,1
2933,2933,0,0,1
2934,2934,0,0,1
2935,2935,0,0,2
2936,2936,0,0,2
2937,2937,0,0,2
2938,2938,0,0,2
2939,2939,0,0,3
2940,2940,0,0,3
2941,2941,0,0,3
2942,2942,0,0,4
2943,2943,0,0,4
2944,2944,0,0,6
2945,2945,0,0,6
2946,2946,0,0,6
2947,2947,0,0,6
2948,2948,1,0,6
2949,2949,0,0,6
2950,2950,1,0,5
2951,2951,0,0,6
2952,2952,0,0,7
2953,2953,0,0,7
2954,2954,0,0,7
2955,2955,0,0,7
2956,2956,0,0,8
2957,2957,1,0,7
2958,2958,1,0,7
2959,2959,0,0,8
2960,2960,0,0,9
2961,2961,0,0,9
2962,2962,1,0,8
2963,2963,0,0,8
2964,2964,0,0,8
2965,2965,1,0,7
2966,2966,0,0,7
2967,2967,0,0,7
2968,2968,0,0,8
2969,2969,0,0,8
2970,2970,1,0,7
2971,2971,0,0,7
2972,2972,0,0,7
2973,2973,1,0,6
2974,2974,0,0,6
2975,2975,0,0,7
2976,2976,1,0,6
2977,2977,0,0,6
2978,2978,0,0,6
2979,2979,1,0,6
2980,2980,0,0,6
2981,2981,1,0,5
2982,2982,0,0,5
2983,2983,0,0,6
2984,2984,1,0,5
2985,2985,1,0,6
2986,2986,0,0,6
2987,2987,2,0,4
2988,2988,1,0,4
2989,2989,0,0,4
2990,2990,0,0,5
2991,2991,0,0,5
2992,2992,0,0,5
2993,2993,1,0,5
2994,2994,0,0,5
2995,2995,1,0,4
2996,2996,2,0,2
2997,2997,1,0,1
2998,2998,0,0,2
2999,2999,0,0,3
3000,3000,0,0,3
3001,3001,0,0,3
3002,3002,0,0,4
3003,3003,0,0,4
3004,3004,0,0,4
3005,3005,0,0,4
3006,3006,0,0,4
3007,3007,0,0,4
3008,3008,0,0,5
3009,3009,0,0,5
3010,3010,0,0,5
3011,3011,0,0,5
3012,3012,0,0,5
3013,3013,0,0,5
3014,3014,0,0,6
3015,3015,0,0,6
3016,3016,1,0,5
3017,3017,0,0,5
3018,3018,0,0,5
3019,3019,1,0,4
3020,3020,0,0,4
3021,3021,0,0,4
3022,3022,2,0,4
3023,3023,0,0,5
3024,3024,1,0,4
3025,3025,0,0,4
3026,3026,0,0,4
3027,3027,1,0,3
3028,3028,1,0,2
3029,3029,2,0,0
3030,3030,0,0,0
3031,3031,0,0,0
3032,3032,0,0,1
3033,3033,0,0,3
3034,3034,1,0,2
3035,3035,1,0,1
3036,3036,1,0,0
3037,3037,0,0,0
3038,3038,0,0,0
3039,3039,0,0,0
3040,3040,0,0,0
3041,3041,0,0,1
3042,3042,1,0,0
3043,3043,1,1,0
3044,3044,0,1,0
3045,3045,1,1,0
3046,3046,0,1,0
3047,3047,2,3,0
3048,3048,0,3,0
3049,3049,0,3,0
3050,3050,0,3,0
3051,3051,1,4,0
3052,3052,0,3,0
3053,3053,1,3,0
3054,3054,0,3,0
3055,3055,0,2,0
3056,3056,0,2,0
3057,3057,1,3,0
3058,3058,0,3,0
3059,3059,0,3,0
3060,3060,2,4,0
3061,3061,0,4,0
3062,3062,0,4,0
3063,3063,0,4,0
3064,3064,1,5,0
3065,3065,0,5,0
3066,3066,0,5,0
3067,3067,0,5,0
3068,3068,0,5,0
3069,3069,0,4,0
3070,3070,0,4,0
3071,3071,0,3,0
3072,3072,0,3,0
3073,3073,2,5,0
3074,3074,1,5,0
3075,3075,1,6,0
3076,3076,0,6,0
3077,3077,0,6,0
3078,3078,0,6,0
3079,3079,0,5,0
3080,3080,0,5,0
3081,3081,0,5,0
3082,3082,1,6,0
3083,3083,1,7,0
3084,3084,0,6,0
3085,3085,0,6,0
3086,3086,0,4,0
3087,3087,1,5,0
3088,3088,0,4,0
3089,3089,2,6,0
3090,3090,0,6,0
3091,3091,0,6,0
3092,3092,0,6,0
3093,3093,0,6,0
3094,3094,0,5,0
3095,3095,0,5,0
3096,3096,1,6,0
3097,3097,0,5,0
3098,3098,1,5,0
3099,3099,2,6,0
3100,3100,0,5,0
3101,3101,0,5,0
3102,3102,1,6,0
3103,3103,0,6,0
3104,3104,1,7,0
3105,3105,0,6,0
3106,3106,0,6,0
3107,3107,0,6,0
3108,3108,0,5,0
3109,3109,0,4,0
3110,3110,0,4,0
3111,3111,0,3,0
3112,3112,1,3,0
3113,3113,0,3,0
3114,3114,0,1,0
3115,3115,0,0,0
3116,3116,0,0,1
3117,3117,0,0,1
3118,3118,0,0,1
3119,3119,0,0,2
3120,3120,0,0,2
3121,3121,0,0,3
3122,3122,0,0,3
3123,3123,0,0,3
3124,3124,1,0,3
3125,3125,0,0,4
3126,3126,1,0,3
3127,3127,0,0,3
3128,3128,0,0,3
3129,3129,3,0,0
3130,3130,1,1,0
3131,3131,0,0,0
3132,3132,1,1,0
3133,3133,0,1,0
3134,3134,0,1,0
3135,3135,0,1,0
3136,3136,0,0,1
3137,3137,0,0,1
3138,3138,2,1,0
3139,3139,0,0,0
3140,3140,0,0,0
3141,3141,0,0,1
3142,3142,1,0,0
3143,3143,0,0,0
3144,3144,1,1,0
3145,3145,1,2,0
3146,3146,0,1,0
3147,3147,0,1,0
3148,3148,0,1,0
3149,3149,0,1,0
3150,3150,0,1,0
3151,3151,0,1,0
3152,3152,0,1,0
3153,3153,0,0,0
3154,3154,1,0,1
3155,3155,0,0,2
3156,3156,1,0,1
3157,3157,0,0,1
3158,3158,0,0,1
3159,3159,2,1,0
3160,3160,0,0,1
3161,3161,2,1,0
3162,3162,0,1,0
3163,3163,0,0,0
3164,3164,0,0,1
3165,3165,0,0,3
3166,3166,1,0,2
3167,3167,1,0,1
3168,3168,0,0,1
3169,3169,0,0,1
3170,3170,0,0,1
3171,3171,1,0,0
3172,3172,1,1,0
3173,3173,0,1,0
3174,3174,0,1,0
3175,3175,0,1,0
3176,3176,0,1,0
3177,3177,0,1,0
3178,3178,1,1,0
3179,3179,0,1,0
3180,3180,0,1,0
3181,3181,0,0,0
3182,3182,0,0,0
3183,3183,0,0,1
3184,3184,1,0,2
3185,3185,0,0,2
3186,3186,0,0,2
3187,3187,0,0,2
3188,3188,0,0,2
3189,3189,0,0,2
3190,3190,0,0,2
3191,3191,0,0,2
3192,3192,0,0,4
3193,3193,0,0,4
3194,3194,0,0,4
3195,3195,0,0,4
3196,3196,0,0,4
3197,3197,3,0,1
3198,3198,0,0,1
3199,3199,2,1,0
3200,3200,0,1,0
3201,3201,0,0,0
3202,3202,1,1,0
3203,3203,0,0,0
3204,3204,0,0,0
3205,3205,0,0,0
3206,3206,1,0,0
3207,3207,1,0,0
3208,3208,1,0,0
3209,3209,0,0,0
3210,3210,0,0,0
3211,3211,1,1,0
3212,3212,0,1,0
3213,3213,0,1,0
3214,3214,0,1,0
3215,3215,0,1,0
3216,3216,1,2,0
3217,3217,0,0,0
3218,3218,1,1,0
3219,3219,1,2,0
3220,3220,0,2,0
3221,3221,0,2,0
3222,3222,0,2,0
3223,3223,1,3,0
3224,3224,0,3,0
3225,3225,0,3,0
3226,3226,0,3,0
3227,3227,0,2,0
3228,3228,1,3,0
3229,3229,0,3,0
3230,3230,0,3,0
3231,3231,0,3,0
3232,3232,0,3,0
3233,3233,0,3,0
3234,3234,1,4,0
3235,3235,0,3,0
3236,3236,0,3,0
3237,3237,0,3,0
3238,3238,0,2,0
3239,3239,0,2,0
3240,3240,0,2,0
3241,3241,2,4,0
3242,3242,1,5,0
3243,3243,1,6,0
3244,3244,0,6,0
3245,3245,0,6,0
3246,3246,0,6,0
3247,3247,0,6,0
3248,3248,0,6,0
3249,3249,0,5,0
3250,3250,2,6,0
3251,3251,0,6,0
3252,3252,2,8,0
3253,3253,0,7,0
3254,3254,0,7,0
3255,3255,0,7,0
3256,3256,0,7,0
3257,3257,0,7,0
3258,3258,1,8,0
3259,3259,0,8,0
3260,3260,1,9,0
3261,3261,0,8,0
3262,3262,0,8,0
3263,3263,0,8,0
3264,3264,0,7,0
3265,3265,0,6,0
3266,3266,0,6,0
3267,3267,0,5,0
3268,3268,0,5,0
3269,3269,0,5,0
3270,3270,1,6,0
3271,3271,1,6,0
3272,3272,0,6,0
3273,3273,0,6,0
3274,3274,0,5,0
3275,3275,0,4,0
3276,3276,0,4,0
3277,3277,1,3,0
3278,3278,0,3,0
3279,3279,1,3,0
3280,3280,0,3,0
3281,3281,0,3,0
3282,3282,0,2,0
3283,3283,0,2,0
3284,3284,0,2,0
3285,3285,0,2,0
3286,3286,1,3,0
3287,3287,1,3,0
3288,3288,0,3,0
3289,3289,0,2,0
3290,3290,0,2,0
3291,3291,0,2,0
3292,3292,0,2,0
3293,3293,1,2,0
3294,3294,0,1,0
3295,3295,0,1,0
3296,3296,0,0,1
3297,3297,1,0,0
3298,3298,0,0,2
3299,3299,1,0,2
3300,3300,0,0,2
3301,3301,1,0,1
3302,3302,1,0,0
3303,3303,0,0,0
3304,3304,0,0,0
3305,3305,0,0,1
3306,3306,2,0,0
3307,3307,1,0,0
3308,3308,0,0,0
3309,3309,1,1,0
3310,3310,0,1,0
3311,3311,0,1,0
3312,3312,1,2,0
3313,3313,0,2,0
3314,3314,0,1,0
3315,3315,1,2,0
3316,3316,0,2,0
3317,3317,0,2,0
3318,3318,0,2,0
3319,3319,0,2,0
3320,3320,0,2,0
3321,3321,1,2,0
3322,3322,0,2,0
3323,3323,1,3,0
3324,3324,0,3,0
3325,3325,0,3,0
3326,3326,2,5,0
3327,3327,0,5,0
3328,3328,0,5,0
3329,3329,1,6,0
3330,3330,1,7,0
3331,3331,0,7,0
3332,3332,0,6,0
3333,3333,1,7,0
3334,3334,1,6,0
3335,3335,0,5,0
3336,3336,0,4,0
3337,3337,0,4,0
3338,3338,0,4,0
3339,3339,0,3,0
3340,3340,1,4,0
3341,3341,0,4,0
3342,3342,1,5,0
3343,3343,1,6,0
3344,3344,2,8,0
3345,3345,1,8,0
3346,3346,0,8,0
3347,3347,0,6,0
3348,3348,1,7,0
3349,3349,0,7,0
3350,3350,0,7,0
3351,3351,0,7,0
3352,3352,0,5,0
3353,3353,1,6,0
3354,3354,0,5,0
3355,3355,0,5,0
3356,3356,0,4,0
3357,3357,0,4,0
3358,3358,0,3,0
3359,3359,0,3,0
3360,3360,1,4,0
3361,3361,0,3,0
3362,3362,1,4,0
3363,3363,0,4,0
3364,3364,0,4,0
3365,3365,0,4,0
3366,3366,0,4,0
3367,3367,0,3,0
3368,3368,1,3,0
3369,3369,2,5,0
3370,3370,0,5,0
3371,3371,2,6,0
3372,3372,0,6,0
3373,3373,0,6,0
3374,3374,0,6,0
3375,3375,1,7,0
3376,3376,1,7,0
3377,3377,0,6,0
3378,3378,0,6,0
3379,3379,0,5,0
3380,3380,0,4,0
3381,3381,0,4,0
3382,3382,2,6,0
3383,3383,0,5,0
3384,3384,0,5,0
3385,3385,0,5,0
3386,3386,0,5,0
3387,3387,0,5,0
3388,3388,0,5,0
3389,3389,0,4,0
3390,3390,0,4,0
3391,3391,0,3,0
3392,3392,1,2,0
3393,3393,2,4,0
3394,3394,0,3,0
3395,3395,0,3,0
3396,3396,0,3,0
3397,3397,2,5,0
3398,3398,2,7,0
3399,3399,0,7,0
3400,3400,1,8,0
3401,3401,1,9,0
3402,3402,0,9,0
3403,3403,0,8,0
3404,3404,1,9,0
3405,3405,1,10,0
3406,3406,1,10,0
3407,3407,0,10,0
3408,3408,0,10,0
3409,3409,0,9,0
3410,3410,1,10,0
3411,3411,0,10,0
3412,3412,0,9,0
3413,3413,0,9,0
3414,3414,0,9,0
3415,3415,0,8,0
3416,3416,1,9,0
3417,3417,0,8,0
3418,3418,0,8,0
3419,3419,0,8,0
3420,3420,0,8,0
3421,3421,0,8,0
3422,3422,0,7,0
3423,3423,1,8,0
3424,3424,1,9,0
3425,3425,0,9,0
3426,3426,0,9,0
3427,3427,0,9,0
3428,3428,0,8,0
3429,3429,2,9,0
3430,3430,0,9,0
3431,3431,0,9,0
3432,3432,1,10,0
3433,3433,0,10,0
3434,3434,0,10,0
3435,3435,0,10,0
3436,3436,0,10,0
3437,3437,0,9,0
3438,3438,2,10,0
3439,3439,0,10,0
3440,3440,0,9,0
3441,3441,0,9,0
3442,3442,0,9,0
3443,3443,2,11,0
3444,3444,0,11,0
3445,3445,0,11,0
3446,3446,0,11,0
3447,3447,0,11,0
3448,3448,0,10,0
3449,3449,0,10,0
3450,3450,1,10,0
3451,3451,0,10,0
3452,3452,0,10,0
3453,3453,0,10,0
3454,3454,0,8,0
3455,3455,1,8,0
3456,3456,0,8,0
3457,3457,1,9,0
3458,3458,0,9,0
3459,3459,1,10,0
3460,3460,0,10,0
3461,3461,0,10,0
3462,3462,0,9,0
3463,3463,1,9,0
3464,3464,0,9,0
3465,3465,0,9,0
3466,3466,0,9,0
3467,3467,0,9,0
3468,3468,0,9,0
3469,3469,0,9,0
3470,3470,1,9,0
3471,3471,0,8,0
3472,3472,0,7,0
3473,3473,1,8,0
3474,3474,0,8,0
3475,3475,0,7,0
3476,3476,0,7,0
3477,3477,1,8,0
3478,3478,1,9,0
3479,3479,0,9,0
3480,3480,2,11,0
3481,3481,1,12,0
3482,3482,0,12,0
3483,3483,1,13,0
3484,3484,0,12,0
3485,3485,0,12,0
3486,3486,1,13,0
3487,3487,0,12,0
3488,3488,0,12,0
3489,3489,1,13,0
3490,3490,0,12,0
3491,3491,2,14,0
3492,3492,1,15,0
3493,3493,1,16,0
3494,3494,0,16,0
3495,3495,3,19,0
3496,3496,1,20,0
3497,3497,0,19,0
3498,3498,0,19,0
3499,3499,0,18,0
3500,3500,0,18,0
3501,3501,0,18,0
3502,3502,0,18,0
3503,3503,0,18,0
3504,3504,0,17,0
3505,3505,0,17,0
3506,3506,0,16,0
3507,3507,1,17,0
3508,3508,0,16,0
3509,3509,0,15,0
3510,3510,1,15,0
3511,3511,3,18,0
3512,3512,3,20,0
3513,3513,1,21,0
3514,3514,0,21,0
3515,3515,0,20,0
3516,3516,1,21,0
3517,3517,0,21,0
3518,3518,1,22,0
3519,3519,1,22,0
3520,3520,0,22,0
3521,3521,0,21,0
3522,3522,0,21,0
3523,3523,0,21,0
3524,3524,0,20,0
3525,3525,0,20,0
3526,3526,0,20,0
3527,3527,2,22,0
3528,3528,1,23,0
3529,3529,0,23,0
3530,3530,1,24,0
3531,3531,0,24,0
3532,3532,0,24,0
3533,3533,0,24,0
3534,3534,0,23,0
3535,3535,0,22,0
3536,3536,1,23,0
3537,3537,0,22,0
3538,3538,0,22,0
3539,3539,0,22,0
3540,3540,2,24,0
3541,3541,1,25,0
3542,3542,0,24,0
3543,3543,1,24,0
3544,3544,0,24,0
3545,3545,1,23,0
3546,3546,0,21,0
3547,3547,0,21,0
3548,3548,0,21,0
3549,3549,0,19,0
3550,3550,0,19,0
3551,3551,0,19,0
3552,3552,1,19,0
3553,3553,0,19,0
3554,3554,0,17,0
3555,3555,0,16,0
3556,3556,0,15,0
3557,3557,0,15,0
3558,3558,0,15,0
3559,3559,0,15,0
3560,3560,0,15,0
3561,3561,1,16,0
3562,3562,2,18,0
3563,3563,0,18,0
3564,3564,0,18,0
3565,3565,1,18,0
3566,3566,0,18,0
3567,3567,0,18,0
3568,3568,1,17,0
3569,3569,2,18,0
3570,3570,0,17,0
3571,3571,2,19,0
3572,3572,1,20,0
3573,3573,0,20,0
3574,3574,0,20,0
3575,3575,0,20,0
3576,3576,0,20,0
3577,3577,0,19,0
3578,3578,0,19,0
3579,3579,0,19,0
3580,3580,0,19,0
3581,3581,1,20,0
3582,3582,0,20,0
3583,3583,0,19,0
3584,3584,1,20,0
3585,3585,0,18,0
3586,3586,0,18,0
3587,3587,1,17,0
3588,3588,0,16,0
3589,3589,0,16,0
3590,3590,1,17,0
3591,3591,0,17,0
3592,3592,0,17,0
3593,3593,0,17,0
3594,3594,2,19,0
3595,3595,0,18,0
3596,3596,0,18,0
3597,3597,0,18,0
3598,3598,0,18,0
3599,3599,0,18,0
